precision,recall,f1_score
0.6926541926541927,0.722935044105854,0.7025129342202513
