precision,recall,f1_score
0.5745475113,0.5442727578000001,0.5445250046
