precision,recall,f1_score
0.7217372134000001,0.6232799477000001,0.535597883
