precision,recall,f1_score
0.9592681718,0.9551767677,0.9571964559
