precision,recall,f1_score
0.7917692308000001,0.7612618818,0.7741549398
