precision,recall,f1_score
0.44250871080000004,0.5,0.4695009242
