precision,recall,f1_score
0.6311471545,0.6868659725,0.6210542929
