precision,recall,f1_score
0.2894211577,0.5,0.3666245259
