precision,recall,f1_score
0.7117830597,0.6741542736,0.6270274228
