precision,recall,f1_score
0.8796257940000001,0.7524911604000001,0.7891225575
