precision,recall,f1_score
0.9370591427,0.952020202,0.944153337
