precision,recall,f1_score
0.9250408163,0.9139733651,0.919318382
