precision,recall,f1_score
0.610062893081761,0.57,0.5813106796116505
