precision,recall,f1_score
0.7493011415,0.7448521,0.7223956278
