precision,recall,f1_score
0.7907231148,0.8336601906000001,0.7896856569
