precision,recall,f1_score
0.6243520918000001,0.6805172993,0.5914366197
