precision,recall,f1_score
0.548292246,0.5933734940000001,0.5309371826
