precision,recall,f1_score
0.2937387387,0.4444080225,0.2039083297
