precision,recall,f1_score
0.7821877834000001,0.8286035726000001,0.798145807
