precision,recall,f1_score
0.8486349206,0.8019244868000001,0.818953393
