precision,recall,f1_score
0.542841305,0.5203689759,0.5190280149000001
