precision,recall,f1_score
0.9279028757000001,0.9425505051,0.9348455598000001
