precision,recall,f1_score
0.7158356987000001,0.7409307985,0.7254272118
