precision,recall,f1_score
0.2204144743,0.37959650170000003,0.1834740406
