precision,recall,f1_score
0.9678332476,0.9463383838,0.9564039541
