precision,recall,f1_score
0.7072829132,0.5067961611,0.4433709484
