precision,recall,f1_score
0.5727806789000001,0.6007530120000001,0.5798245614
