precision,recall,f1_score
0.9282669103000001,0.9472669449000001,0.9371917292
