precision,recall,f1_score
0.8879785943,0.8866843842000001,0.8873263355000001
