precision,recall,f1_score
0.9492553778,0.9570707071000001,0.9530630693000001
