precision,recall,f1_score
0.7367965656000001,0.7325706815,0.7104127052
