precision,recall,f1_score
0.8081632653,0.7485387974000001,0.7714856762000001
