precision,recall,f1_score
0.7945449348,0.773637066,0.7830007003
