precision,recall,f1_score
0.8769904459000001,0.5534826807000001,0.5644908452
