precision,recall,f1_score
0.6016196447000001,0.5732304217,0.5825708061
