precision,recall,f1_score
0.6568947669,0.7018299123,0.6045585068
