precision,recall,f1_score
0.8433027423,0.8455553519000001,0.8444099379000001
