precision,recall,f1_score
0.7996478873,0.5571716493000001,0.5491617934
