precision,recall,f1_score
0.8016879433,0.7567603457000001,0.7745075108
