precision,recall,f1_score
0.6986489508,0.7032848505,0.6936539084000001
