precision,recall,f1_score
0.4872512335,0.48741624450000004,0.48717200330000004
