precision,recall,f1_score
0.9347291587000001,0.9498509243000001,0.9419353579
