precision,recall,f1_score
0.48272357720000003,0.4862949278,0.30038190530000003
