precision,recall,f1_score
0.7565451145000001,0.764981409,0.7605324404
