precision,recall,f1_score
0.7601626016,0.8130517776,0.7828108108
