precision,recall,f1_score
0.8459198282,0.8459198282,0.8459198282
