precision,recall,f1_score
0.973537359,0.9807096005,0.977053158
