precision,recall,f1_score
0.8229996346,0.8240652493,0.8235277972
