precision,recall,f1_score
0.8047918303,0.6851586733,0.7250957854000001
