precision,recall,f1_score
0.9743759127,0.9785353535,0.9764295068000001
