precision,recall,f1_score
0.7995241257,0.8228942973000001,0.8105610561000001
