precision,recall,f1_score
0.3742004264,0.5,0.4280487805
