precision,recall,f1_score
0.9738968051,0.9640628106,0.9688504177
