precision,recall,f1_score
0.8165089877,0.8065890762,0.8111642105
