precision,recall,f1_score
0.6759259259259259,0.6942662389735365,0.6830149225358806
