precision,recall,f1_score
0.37526652450000003,0.5,0.4287454324
