precision,recall,f1_score
0.9128872505000001,0.9408069966,0.9255186323000001
