precision,recall,f1_score
0.7142994334,0.7188102631000001,0.7150021181
