precision,recall,f1_score
0.6274965896,0.6673784268,0.6118899567
