precision,recall,f1_score
0.7381663113,0.5420557229,0.5460132078000001
