precision,recall,f1_score
0.6065330364,0.5540286145000001,0.5635589046
