precision,recall,f1_score
0.9233470367000001,0.9421288014,0.9321670676
