precision,recall,f1_score
0.861954262,0.7871884164,0.8103240266
