precision,recall,f1_score
0.7116552588,0.6474974807,0.6662491192000001
