precision,recall,f1_score
0.7023809523809523,0.6416666666666666,0.6634146341463415
