precision,recall,f1_score
0.8266536965,0.8004652827000001,0.8127853881
