precision,recall,f1_score
0.9101102941,0.8992483894000001,0.9045791144
