precision,recall,f1_score
0.9445564516,0.9021464646,0.920594074
