precision,recall,f1_score
0.8243674773,0.8206342269,0.8224699619
