precision,recall,f1_score
0.9191444175000001,0.8876262626,0.901718113
