precision,recall,f1_score
0.8695186492,0.8498568361000001,0.8593137255000001
