precision,recall,f1_score
0.7947822412000001,0.7863127143,0.7903647508
