precision,recall,f1_score
0.8635581160000001,0.7903134164000001,0.8132856567000001
