precision,recall,f1_score
0.7231820307,0.7411374386,0.7307802513
