precision,recall,f1_score
0.5259347853,0.5465361446,0.5128235027
