precision,recall,f1_score
0.3894557823,0.5,0.43785850860000003
